County,Region
Alameda County,NorCal
Alpine County,NorCal
Amador County,NorCal
Butte County,NorCal
Calaveras County,NorCal
Colusa County,NorCal
Contra Costa County,NorCal
Del Norte County,NorCal
El Dorado County,NorCal
Fresno County,NorCal
Glenn County,NorCal
Humboldt County,NorCal
Inyo County,NorCal
Kings County,NorCal
Lake County,NorCal
Lassen County,NorCal
Madera County,NorCal
Marin County,NorCal
Mariposa County,NorCal
Mendocino County,NorCal
Merced County,NorCal
Modoc County,NorCal
Mono County,NorCal
Monterey County,NorCal
Napa County,NorCal
Nevada County,NorCal
Placer County,NorCal
Plumas County,NorCal
Sacramento County,NorCal
San Benito County,NorCal
San Francisco County,NorCal
San Joaquin County,NorCal
San Mateo County,NorCal
Santa Clara County,NorCal
Santa Cruz County,NorCal
Shasta County,NorCal
Sierra County,NorCal
Siskiyou County,NorCal
Solano County,NorCal
Sonoma County,NorCal
Stanislaus County,NorCal
Sutter County,NorCal
Tehama County,NorCal
Trinity County,NorCal
Tulare County,NorCal
Tuolumne County,NorCal
Yolo County,NorCal
Yuba County,NorCal
Los Angeles County,SoCal
San Diego County,SoCal
Orange County,SoCal
Riverside County,SoCal
San Bernardino County,SoCal
Kern County,SoCal
Ventura County,SoCal
Santa Barbara County,SoCal
San Luis Obispo County,SoCal
Imperial County,SoCal